Base Architecture,Experiment / Method,Train Domain,Test Domain,mAP,mAP@50,mAP@75,mAP_s,mAP_m,mAP_l,,,,
Faster R-CNN R50,Multi-Modal,RGB-HSI,HSI,41.6,80.4,40.3,20,37.3,63.7,,,,
Faster R-CNN R50,Hyperspectral Only,HSI,HSI,12.8,28.7,8.2,12.8,27.5,-1,,,,
Faster R-CNN R50,RGB Only,RGB,RGB,37.7,75.6,35.5,13.7,30.8,60.6,,,,
Faster R-CNN R50,No Adaptation (1x1 conv),RGB,HSI,1.3,3.7,0.5,1.3,0.9,-1,,,,
Faster R-CNN R50,No Adaptation (RGB extraction),RGB,HSI,5.7,16.6,1.9,0.3,4.8,11.5,,,,
,,,,,,,,,,,,,
LMW-YOLO,Standard,RGB,RGB,38.3,75.6,35.7,13.2,32,61.2,,,,
LMW-YOLO,No Adaptation (RGB extraction),RGB,HSI,12.4,31.2,8.1,2.7,8.7,27.5,,,,
LMW-YOLO,No Adaptation (PCA extraction),RGB,HSI,4.3,11.2,1.9,0,3,12.1,,,,
,,,,,,,,,,,,,
YOLOv5s,Lower Bound (RGB Extraction - Aybuke),RGB,HSI,,59.03 ± 0.81,,,,,,,,
YOLOv5s,Lower Bound (RGB Extraction - Fold 1),RGB,HSI,,62,,,,,Seed 42,train 640x640 test img 224x224,,
YOLOv5s,Lower Bound (RGB Extraction - Fold 2),RGB,HSI,,53.4,,,,,Seed 42,train 640x640 test img 224x224,,
YOLOv5s,Lower Bound (RGB Extraction - Fold 3),RGB,HSI,,54.3,,,,,Seed 42,train 640x640 test img 224x224,,
YOLOv5s,Lower Bound (RGB Extraction),RGB,HSI,,56.5% ± 4.5%,,,,,Seed 42,train 640x640 test img 224x224,,
,,,,,,,,,,,,,
YOLOv5s,Lower Bound (RGB Extraction - Fold 1),RGB,HSI,22.5,66.6,,,,,Seed 0,train 640x640 test img 224x224,,python3 yolov5_official/val.py         --weights baseline_official/runs/fold_1_640_2nd/weights/best.pt         --data baseline_official/test_hsi_rgb.yaml         --img 224         --batch-size 8         --single-cls         --project baseline_official/eval_results         --name fold_1_640_test_2nd         --exist-ok         --verbose
YOLOv5s,Lower Bound (RGB Extraction - Fold 2),RGB,HSI,,55.3,,,,,Seed 0,train 640x640 test img 224x224,,
YOLOv5s,Lower Bound (RGB Extraction - Fold 3),RGB,HSI,,45,,,,,Seed 0,train 640x640 test img 224x224,,
YOLOv5s,Lower Bound (RGB Extraction),RGB,HSI,,55.6 ± 10.8%,,,,,Seed 0,train 640x640 test img 224x224,,for FOLD in 1 2 3; do python3 yolov5_official/train.py \        --weights yolov5s.pt \        --cfg yolov5_official/models/yolov5s.yaml \        --data baseline_official/fold_${FOLD}.yaml \        --hyp baseline_official/hyp_paper.yaml \        --img 640 \        --batch-size 8 \        --workers 0 \        --epochs 300 \        --patience 100 \        --single-cls \        --project baseline_official/runs \        --name fold_${FOLD}_640 \        --exist-ok \ done
,,,,,,,,,,,,,
YOLOv5s,Lower Bound (RGB Extraction - Fold 1),RGB,HSI,,36.9,,,,,Seed 0,train 640x640 test img 640x640,,
YOLOv5s,Lower Bound (RGB Extraction - Fold 2),RGB,HSI,,35.7,,,,,Seed 0,train 640x640 test img 640x640,,
YOLOv5s,Lower Bound (RGB Extraction - Fold 3),RGB,HSI,,43.6,,,,,Seed 0,train 640x640 test img 640x640,,
YOLOv5s,Lower Bound (RGB Extraction),RGB,HSI,,38.7 ± 4.26%,,,,,Seed 0,train 640x640 test img 640x640,,
,,,,,,,,,,,,,
YOLOv5s,Lower Bound (RGB Extraction - Fold 1),RGB,HSI,,61.6,,,,,Seed 0,train 640x640 test img 224x224,,Aybuke's paper augmentations
YOLOv5s,Lower Bound (RGB Extraction - Fold 2),RGB,HSI,,58.6,,,,,Seed 0,train 640x640 test img 224x224,,
YOLOv5s,Lower Bound (RGB Extraction - Fold 3),RGB,HSI,,63.4,,,,,Seed 0,train 640x640 test img 224x224,,
YOLOv5s,Lower Bound (RGB Extraction),RGB,HSI,, 61.20% ± 2.43%,,,,,Seed 0,train 640x640 test img 224x224,,"for fold in 1 2 3; do     echo ""--------------------------------------------"";     echo ""  Evaluating Fold ${fold} on v3_bilinear"";     echo ""--------------------------------------------"";     python3 yolov5_official/val.py         --weights baseline_official/runs/fold_${fold}_640_2804/weights/best.pt         --data baseline_official/test_hsi_rgb_640_v3_bilinear.yaml         --img 224         --batch-size 8         --single-cls         --project baseline_official/eval_results         --name fold_${fold}_v3_bilinear_224         --exist-ok         --verbose; done"
,,,,,,,,,,,,,
YOLOv5s,Lower Bound (RGB Extraction - Fold 1),RGB,HSI,,57.6,,,,,Seed 0,train 640x640 test img 640x640,,
YOLOv5s,Lower Bound (RGB Extraction - Fold 2),RGB,HSI,,58.6,,,,,Seed 0,train 640x640 test img 640x640,,
YOLOv5s,Lower Bound (RGB Extraction - Fold 3),RGB,HSI,,56.9,,,,,Seed 0,train 640x640 test img 640x640,,
YOLOv5s,Lower Bound (RGB Extraction),RGB,HSI,,57.70% ± 0.85%,,,,,Seed 0,train 640x640 test img 640x640,,"for fold in 1 2 3; do     echo ""--------------------------------------------"";     echo ""  Evaluating Fold ${fold} on v3_bilinear"";     echo ""--------------------------------------------"";     python3 yolov5_official/val.py         --weights baseline_official/runs/fold_${fold}_640_2804/weights/best.pt         --data baseline_official/test_hsi_rgb_640_v3_bilinear.yaml         --img 640         --batch-size 8         --single-cls         --project baseline_official/eval_results         --name fold_${fold}_v3_bilinear_640         --exist-ok         --verbose; done"
,,,,,,,,,,,,,
YOLOv26s-obb,Lower Bound (RGB Extraction - Fold 1),RGB,HSI,,73,,,,,Seed 0,train 640x640 test img 640x640,,
YOLOv26s-obb,Lower Bound (RGB Extraction - Fold 2),RGB,HSI,,63.3,,,,,Seed 0,train 640x640 test img 640x640,,
YOLOv26s-obb,Lower Bound (RGB Extraction - Fold 3),RGB,HSI,,71.6,,,,,Seed 0,train 640x640 test img 640x640,,
YOLOv26s-obb,Lower Bound (RGB Extraction),RGB,HSI,,69.32 ± 5.2%,,,,,Seed 0,train 640x640 test img 640x640,,eval_yolo26_obb.py
,,,,,,,,,,,,,
YOLOv26s,Lower Bound (RGB Extraction - Fold 1),RGB,HSI,,63.4,,,,,Seed 0,train 640x640 test img 640x640,,
YOLOv26s,Lower Bound (RGB Extraction - Fold 2),RGB,HSI,,61.9,,,,,Seed 0,train 640x640 test img 640x640,,
YOLOv26s,Lower Bound (RGB Extraction - Fold 3),RGB,HSI,,55.9,,,,,Seed 0,train 640x640 test img 640x640,,
YOLOv26s,Lower Bound (RGB Extraction),RGB,HSI,,60.43 ± 3.98%,,,,,Seed 0,train 640x640 test img 640x640,,eval_yolo26.py
,,,,,,,,,,,,,
RT-DETR,Lower Bound (RGB Extraction - Fold 1),RGB,HSI,,51.4,,,,,Seed 0,train 640x640 test img 640x640,,
RT-DETR,Lower Bound (RGB Extraction - Fold 2),RGB,HSI,,54.7,,,,,Seed 0,train 640x640 test img 640x640,,
RT-DETR,Lower Bound (RGB Extraction - Fold 3),RGB,HSI,,56.8,,,,,Seed 0,train 640x640 test img 640x640,,
RT-DETR,Lower Bound (RGB Extraction),RGB,HSI,,54.33 ± 2.7%,,,,,Seed 0,train 640x640 test img 640x640,,eval_rtdetr.py
,,,,,,,,,,,,,
,,,,,,,,,,,,,
PCA Extraction,,,,,,,,,,,,,
YOLOv5s,Lower Bound (PCA Extraction - Aybuke),RGB,HSI,,23.27 ± 0.5,,,,,,,,
YOLOv5s,Lower Bound (PCA Extraction - Fold 1),RGB,HSI,10.5,28.1,,,,,,,,
YOLOv5s,Lower Bound (PCA Extraction - Fold 2),RGB,HSI,,,,,,,,,,
YOLOv5s,Lower Bound (PCA Extraction - Fold 3),RGB,HSI,,,,,,,,,,
,,,,,,,,,,,,,
YOLOv5s,Upper Bound (RGB Extraction - Aybuke),HSI,HSI,,75.03,,,,,,,,
,,,,,,,,,,,,,
,,,,,,,,,,,,,
YOLOv5s,Lower Bound (RGB Extraction - Fold 1),RGB,HSI,,55.8,,,,,Seed 0,train 640x640 test img 224x224,,
YOLOv5s,Lower Bound (RGB Extraction - Fold 1),RGB,HSI,,30.1,,,,,Seed 0,train 1600x1600 test img 224x224,,
YOLOv5s,Lower Bound (RGB Extraction - Fold 1),RGB,HSI,,62.3,,,,,Seed 0,train 224x224 test img 224x224,,
,,,,,,,,,,,,,
YOLOv5s,Lower Bound (RGB Extraction - Fold 2),RGB,HSI,,55.3,,,,,Seed 0,train 640x640 test img 224x224,,
YOLOv5s,Lower Bound (RGB Extraction - Fold 2),RGB,HSI,,63.4,,,,,Seed 0,train 224x224 test img 224x224,,