epoch,time,train/giou_loss,train/cls_loss,train/l1_loss,metrics/precision(B),metrics/recall(B),metrics/mAP50(B),metrics/mAP50-95(B),val/giou_loss,val/cls_loss,val/l1_loss,lr/pg0,lr/pg1,lr/pg2
1,94.3364,1.68748,0.75814,0.52609,0.00069,0.05189,0.00053,7e-05,1.4461,0.56928,0.39727,3.31541e-05,3.31541e-05,0.066879
2,180.378,1.38874,0.57733,0.35666,0.00523,0.39151,0.03149,0.00622,1.1205,0.89045,0.25977,6.6268e-05,6.6268e-05,0.0335788
3,266.888,1.25317,0.69554,0.29139,0.00631,0.4717,0.03832,0.00974,1.07624,0.94162,0.25399,9.9162e-05,9.9162e-05,0.000278373
4,353.561,1.24051,0.65298,0.26841,0.0092,0.68801,0.05789,0.01694,0.84645,1.16836,0.19385,9.901e-05,9.901e-05,9.901e-05
5,439.957,0.93519,0.95564,0.19839,0.01255,0.8066,0.06264,0.02026,0.71393,1.31408,0.16045,9.868e-05,9.868e-05,9.868e-05
6,526.32,0.88403,1.00659,0.18477,0.04997,0.74663,0.0685,0.02265,0.73639,1.30973,0.15725,9.835e-05,9.835e-05,9.835e-05
7,613.107,0.85116,0.97483,0.19715,0.06347,0.75135,0.08052,0.03085,0.64525,1.10939,0.14173,9.802e-05,9.802e-05,9.802e-05
8,699.294,0.78417,0.93877,0.15643,0.07483,0.69677,0.08208,0.03586,0.58495,1.07891,0.12871,9.769e-05,9.769e-05,9.769e-05
9,785.495,0.71494,0.96872,0.14621,0.08238,0.59771,0.09615,0.03761,0.63047,0.97042,0.14068,9.736e-05,9.736e-05,9.736e-05
10,871.884,0.74336,0.91959,0.15064,0.09676,0.52291,0.10738,0.04782,0.58022,0.94642,0.11252,9.703e-05,9.703e-05,9.703e-05
11,958.516,0.71358,0.94985,0.13591,0.10254,0.59501,0.11703,0.05242,0.55846,0.98092,0.11794,9.67e-05,9.67e-05,9.67e-05
12,1045.38,0.70788,0.96631,0.13897,0.11918,0.57143,0.13496,0.06173,0.5483,0.95329,0.11428,9.637e-05,9.637e-05,9.637e-05
13,1131.98,0.69757,0.93561,0.13365,0.11935,0.5903,0.13419,0.05966,0.52869,0.97306,0.10968,9.604e-05,9.604e-05,9.604e-05
14,1217.46,0.68394,0.9356,0.1314,0.13075,0.5593,0.14039,0.06261,0.54198,0.96223,0.11624,9.571e-05,9.571e-05,9.571e-05
15,1304.12,0.70659,0.94744,0.13658,0.12111,0.62736,0.14486,0.06403,0.54469,1.03705,0.11544,9.538e-05,9.538e-05,9.538e-05
16,1390.85,0.63383,0.99086,0.11881,0.11922,0.62601,0.14898,0.06509,0.51684,0.98924,0.10537,9.505e-05,9.505e-05,9.505e-05
17,1477.13,0.60174,0.97387,0.11108,0.14834,0.5876,0.16254,0.07735,0.48897,0.96627,0.10313,9.472e-05,9.472e-05,9.472e-05
18,1563.93,0.6442,0.9846,0.11767,0.13793,0.5876,0.15471,0.07315,0.50363,0.9853,0.10382,9.439e-05,9.439e-05,9.439e-05
19,1649.96,0.62523,0.96646,0.11536,0.12285,0.55806,0.13879,0.06348,0.51228,0.99297,0.1058,9.406e-05,9.406e-05,9.406e-05
20,1735.87,0.64598,0.97016,0.12095,0.13572,0.5566,0.15269,0.07624,0.47704,0.9759,0.09727,9.373e-05,9.373e-05,9.373e-05
21,1821.07,0.60553,0.94382,0.11028,0.14896,0.56199,0.16526,0.07872,0.48747,0.95716,0.09635,9.34e-05,9.34e-05,9.34e-05
22,1908.2,0.62037,0.99436,0.12355,0.15004,0.51213,0.15556,0.07736,0.47269,0.97183,0.09213,9.307e-05,9.307e-05,9.307e-05
23,1993.95,0.62209,0.95599,0.10957,0.15402,0.59232,0.17582,0.08626,0.46351,0.98435,0.09518,9.274e-05,9.274e-05,9.274e-05
24,2080.46,0.60011,0.97302,0.11514,0.15912,0.58895,0.17806,0.08474,0.50451,0.94153,0.09974,9.241e-05,9.241e-05,9.241e-05
25,2166.51,0.58969,0.96323,0.10676,0.14744,0.54178,0.15785,0.07803,0.4692,0.99337,0.096,9.208e-05,9.208e-05,9.208e-05
26,2252.53,0.62727,0.94491,0.11808,0.17377,0.52898,0.17114,0.07846,0.49519,0.92845,0.09727,9.175e-05,9.175e-05,9.175e-05
27,2338.68,0.60613,0.96074,0.11984,0.15669,0.55054,0.16124,0.07491,0.49172,0.96454,0.10286,9.142e-05,9.142e-05,9.142e-05
28,2424.45,0.61442,0.91369,0.11289,0.18082,0.53841,0.19321,0.09275,0.46364,0.95349,0.09787,9.109e-05,9.109e-05,9.109e-05
29,2511.38,0.59332,0.95092,0.11149,0.20308,0.56604,0.20619,0.0946,0.47818,0.94127,0.09688,9.076e-05,9.076e-05,9.076e-05
30,2598.23,0.60926,0.89177,0.1038,0.19446,0.55375,0.20776,0.09833,0.47153,0.96927,0.10209,9.043e-05,9.043e-05,9.043e-05
31,2685.42,0.60482,0.91305,0.10804,0.22835,0.53908,0.22944,0.10917,0.47958,0.92328,0.10142,9.01e-05,9.01e-05,9.01e-05
32,2772.58,0.58033,0.92162,0.10708,0.21676,0.56806,0.22559,0.10799,0.47597,0.96258,0.09941,8.977e-05,8.977e-05,8.977e-05
33,2858.22,0.55048,0.89085,0.10183,0.27571,0.55054,0.29955,0.13989,0.50944,0.85823,0.1094,8.944e-05,8.944e-05,8.944e-05
34,2944.64,0.60763,0.85378,0.11736,0.29962,0.55866,0.32198,0.14881,0.53458,0.8074,0.1078,8.911e-05,8.911e-05,8.911e-05
35,3031.65,0.63242,0.80314,0.127,0.40356,0.58154,0.41413,0.19528,0.55305,0.69925,0.10933,8.878e-05,8.878e-05,8.878e-05
36,3118.3,0.63908,0.74975,0.11459,0.53225,0.63259,0.56283,0.26199,0.56382,0.63508,0.11515,8.845e-05,8.845e-05,8.845e-05
37,3205.45,0.66709,0.62149,0.12702,0.64953,0.66565,0.66971,0.3063,0.57444,0.59943,0.1214,8.812e-05,8.812e-05,8.812e-05
38,3292.74,0.66331,0.58948,0.11976,0.6387,0.71833,0.67554,0.3245,0.57344,0.54013,0.11705,8.779e-05,8.779e-05,8.779e-05
39,3379.48,0.67022,0.5367,0.12199,0.53974,0.6796,0.63188,0.2942,0.59249,0.58981,0.12606,8.746e-05,8.746e-05,8.746e-05
40,3465.11,0.63815,0.55979,0.12514,0.73864,0.71024,0.7091,0.33829,0.57271,0.54207,0.11776,8.713e-05,8.713e-05,8.713e-05
41,3551.96,0.63057,0.60259,0.11433,0.63183,0.72305,0.69329,0.33304,0.56482,0.54122,0.11909,8.68e-05,8.68e-05,8.68e-05
42,3637.99,0.64824,0.55039,0.12311,0.70245,0.72305,0.72116,0.34153,0.56919,0.54123,0.11259,8.647e-05,8.647e-05,8.647e-05
43,3725.13,0.6504,0.55219,0.11598,0.70388,0.72776,0.71367,0.32893,0.59281,0.53266,0.12523,8.614e-05,8.614e-05,8.614e-05
44,3812.66,0.63924,0.54436,0.11563,0.72661,0.71278,0.70778,0.33545,0.5759,0.54803,0.11771,8.581e-05,8.581e-05,8.581e-05
45,3898.3,0.63862,0.53927,0.11546,0.60395,0.71024,0.67993,0.32621,0.57482,0.53396,0.11739,8.548e-05,8.548e-05,8.548e-05
46,3984.03,0.65002,0.53877,0.1172,0.68732,0.74259,0.71439,0.3493,0.56105,0.52577,0.11268,8.515e-05,8.515e-05,8.515e-05
47,4070.57,0.61483,0.56193,0.10621,0.69375,0.71429,0.69691,0.32183,0.58367,0.55389,0.11909,8.482e-05,8.482e-05,8.482e-05
48,4156.46,0.63766,0.55321,0.11397,0.68427,0.72776,0.70703,0.33775,0.57721,0.52795,0.11831,8.449e-05,8.449e-05,8.449e-05
49,4242.62,0.63697,0.53756,0.10893,0.67131,0.73383,0.71041,0.34571,0.57024,0.52915,0.11719,8.416e-05,8.416e-05,8.416e-05
50,4328.39,0.64852,0.52734,0.11452,0.61012,0.74798,0.67257,0.3314,0.57243,0.52861,0.11749,8.383e-05,8.383e-05,8.383e-05
51,4414.43,0.64688,0.54338,0.11875,0.68078,0.73721,0.7205,0.34772,0.56736,0.55278,0.11707,8.35e-05,8.35e-05,8.35e-05
52,4500.34,0.63519,0.54942,0.1048,0.70526,0.73989,0.73566,0.36311,0.55865,0.5341,0.1134,8.317e-05,8.317e-05,8.317e-05
53,4586.97,0.62763,0.54348,0.11346,0.74018,0.74663,0.73008,0.36119,0.56031,0.51829,0.11499,8.284e-05,8.284e-05,8.284e-05
54,4672.97,0.62246,0.54579,0.1095,0.71063,0.75404,0.72581,0.35337,0.57292,0.51477,0.11574,8.251e-05,8.251e-05,8.251e-05
55,4759.22,0.63461,0.53012,0.11383,0.65865,0.75943,0.71052,0.34337,0.58315,0.52688,0.12036,8.218e-05,8.218e-05,8.218e-05
56,4845,0.61532,0.53579,0.11151,0.73588,0.76011,0.73917,0.36167,0.55077,0.54233,0.11166,8.185e-05,8.185e-05,8.185e-05
57,4930.87,0.60528,0.55232,0.10579,0.76797,0.74461,0.74527,0.36481,0.56093,0.52333,0.11483,8.152e-05,8.152e-05,8.152e-05
58,5017.61,0.63985,0.54641,0.11582,0.78536,0.71765,0.73126,0.35934,0.55288,0.54165,0.11278,8.119e-05,8.119e-05,8.119e-05
59,5103.66,0.61112,0.54239,0.10605,0.68049,0.76685,0.71616,0.35557,0.5645,0.53445,0.11543,8.086e-05,8.086e-05,8.086e-05
60,5189.48,0.62996,0.52783,0.11669,0.71431,0.76685,0.74298,0.36917,0.55235,0.51768,0.1133,8.053e-05,8.053e-05,8.053e-05
61,5277.04,0.61287,0.5527,0.10384,0.70593,0.75059,0.73857,0.37385,0.54248,0.53086,0.10889,8.02e-05,8.02e-05,8.02e-05
62,5364.15,0.60634,0.52677,0.11038,0.75438,0.72709,0.73021,0.3681,0.5635,0.52947,0.11598,7.987e-05,7.987e-05,7.987e-05
63,5450.13,0.61726,0.54398,0.10741,0.75426,0.72844,0.74081,0.36272,0.56771,0.52536,0.11786,7.954e-05,7.954e-05,7.954e-05
64,5535.76,0.60614,0.52491,0.11408,0.70428,0.75588,0.74887,0.36948,0.56794,0.52173,0.11683,7.921e-05,7.921e-05,7.921e-05
65,5621.72,0.62064,0.51628,0.10851,0.71383,0.76312,0.74617,0.37245,0.56508,0.50103,0.12028,7.888e-05,7.888e-05,7.888e-05
66,5707.61,0.61564,0.52844,0.11018,0.7232,0.76078,0.7385,0.37201,0.55615,0.52086,0.11555,7.855e-05,7.855e-05,7.855e-05
67,5793.41,0.58945,0.53607,0.10367,0.69786,0.75809,0.74133,0.3674,0.56401,0.51482,0.11498,7.822e-05,7.822e-05,7.822e-05
68,5879.42,0.62028,0.51659,0.10943,0.71616,0.75876,0.73974,0.3747,0.55918,0.50394,0.11224,7.789e-05,7.789e-05,7.789e-05
69,5965.62,0.60917,0.51168,0.10677,0.69649,0.77291,0.73526,0.37594,0.55665,0.50631,0.1124,7.756e-05,7.756e-05,7.756e-05
70,6052.63,0.59909,0.539,0.10713,0.7483,0.74523,0.73412,0.36588,0.56278,0.50647,0.11235,7.723e-05,7.723e-05,7.723e-05
71,6138.66,0.60539,0.50662,0.10853,0.7219,0.76819,0.73742,0.37548,0.5532,0.51652,0.11277,7.69e-05,7.69e-05,7.69e-05
72,6224.28,0.60246,0.51122,0.10341,0.75256,0.76819,0.75189,0.38114,0.54523,0.51845,0.11372,7.657e-05,7.657e-05,7.657e-05
73,6311.54,0.62906,0.51335,0.11523,0.75792,0.74897,0.75401,0.37847,0.55424,0.51483,0.11398,7.624e-05,7.624e-05,7.624e-05
74,6397.08,0.58201,0.51914,0.10276,0.74894,0.75783,0.75168,0.38027,0.55858,0.50907,0.11362,7.591e-05,7.591e-05,7.591e-05
75,6483.38,0.60886,0.53358,0.1,0.73021,0.76056,0.75445,0.37744,0.56164,0.50023,0.11599,7.558e-05,7.558e-05,7.558e-05
76,6569.25,0.60204,0.52125,0.11604,0.758,0.76482,0.76804,0.39379,0.54456,0.50143,0.11196,7.525e-05,7.525e-05,7.525e-05
77,6656.49,0.59538,0.50861,0.10474,0.75855,0.76078,0.76149,0.3839,0.55856,0.49471,0.11723,7.492e-05,7.492e-05,7.492e-05
78,6742.59,0.61981,0.49944,0.11295,0.75187,0.74933,0.76061,0.3869,0.55151,0.5066,0.11464,7.459e-05,7.459e-05,7.459e-05
79,6828.88,0.61743,0.51783,0.11029,0.73751,0.75404,0.75637,0.38644,0.55459,0.51115,0.11481,7.426e-05,7.426e-05,7.426e-05
80,6915.01,0.58589,0.49645,0.10052,0.744,0.7579,0.75124,0.38102,0.55797,0.50646,0.11542,7.393e-05,7.393e-05,7.393e-05
81,7000.93,0.56656,0.49807,0.10091,0.76035,0.76078,0.7534,0.38992,0.54561,0.4963,0.11104,7.36e-05,7.36e-05,7.36e-05
82,7086.98,0.55961,0.51977,0.10478,0.74481,0.75326,0.75468,0.38188,0.55644,0.50727,0.11289,7.327e-05,7.327e-05,7.327e-05
83,7173.46,0.56991,0.50119,0.09774,0.77408,0.75202,0.75374,0.37614,0.56004,0.50516,0.11097,7.294e-05,7.294e-05,7.294e-05
84,7259.54,0.61315,0.51866,0.1057,0.74908,0.75674,0.75371,0.3771,0.56637,0.50448,0.11425,7.261e-05,7.261e-05,7.261e-05
85,7345.5,0.60635,0.51339,0.10425,0.76006,0.75348,0.75944,0.38765,0.5551,0.49473,0.11175,7.228e-05,7.228e-05,7.228e-05
86,7431.57,0.59282,0.52656,0.10018,0.77154,0.75741,0.7631,0.38894,0.56169,0.49541,0.11553,7.195e-05,7.195e-05,7.195e-05
87,7517.79,0.58448,0.51652,0.10389,0.75472,0.7568,0.7626,0.39106,0.55012,0.50326,0.111,7.162e-05,7.162e-05,7.162e-05
88,7603.29,0.56104,0.50298,0.09762,0.77171,0.76083,0.7699,0.38833,0.56121,0.49541,0.11497,7.129e-05,7.129e-05,7.129e-05
89,7688.81,0.59086,0.48057,0.09772,0.78142,0.76011,0.76715,0.38556,0.55874,0.50168,0.11239,7.096e-05,7.096e-05,7.096e-05
90,7774.84,0.58178,0.50748,0.10022,0.82589,0.72558,0.76902,0.3895,0.54885,0.51869,0.11025,7.063e-05,7.063e-05,7.063e-05
91,7861.12,0.58767,0.48479,0.10074,0.79049,0.75002,0.76497,0.3839,0.5586,0.49269,0.11254,7.03e-05,7.03e-05,7.03e-05
92,7947.09,0.58289,0.50424,0.10544,0.77101,0.76213,0.76566,0.38677,0.54902,0.49252,0.11244,6.997e-05,6.997e-05,6.997e-05
93,8033,0.57968,0.50457,0.09881,0.74646,0.77022,0.7633,0.3857,0.56106,0.50395,0.1168,6.964e-05,6.964e-05,6.964e-05
94,8119.11,0.60333,0.48748,0.09992,0.75288,0.75606,0.76567,0.38949,0.55964,0.49298,0.11742,6.931e-05,6.931e-05,6.931e-05
95,8205,0.57581,0.49537,0.0964,0.7787,0.75874,0.76984,0.38862,0.55819,0.49065,0.11431,6.898e-05,6.898e-05,6.898e-05
96,8290.9,0.5686,0.4792,0.1009,0.77336,0.75,0.76618,0.39443,0.55132,0.49373,0.11362,6.865e-05,6.865e-05,6.865e-05
97,8377.66,0.59208,0.49335,0.10306,0.75957,0.76078,0.7651,0.38534,0.56062,0.4901,0.11472,6.832e-05,6.832e-05,6.832e-05
98,8463.68,0.58963,0.47602,0.09642,0.74429,0.77561,0.7661,0.38992,0.55441,0.49473,0.11284,6.799e-05,6.799e-05,6.799e-05
99,8549.73,0.57771,0.47713,0.10329,0.75595,0.76811,0.77189,0.39321,0.56078,0.49135,0.11332,6.766e-05,6.766e-05,6.766e-05
100,8635.67,0.57784,0.46767,0.10287,0.76363,0.77224,0.76522,0.38776,0.56392,0.49622,0.11281,6.733e-05,6.733e-05,6.733e-05
101,8721.22,0.58711,0.48612,0.09682,0.77498,0.73922,0.76339,0.38904,0.55242,0.49915,0.10996,6.7e-05,6.7e-05,6.7e-05
102,8807.61,0.58479,0.48279,0.0945,0.80313,0.71563,0.75836,0.38589,0.55253,0.48907,0.11036,6.667e-05,6.667e-05,6.667e-05
103,8893.26,0.55592,0.47964,0.09871,0.77787,0.72035,0.75926,0.3933,0.55308,0.49716,0.1119,6.634e-05,6.634e-05,6.634e-05
104,8979.09,0.57239,0.48416,0.10011,0.77745,0.75067,0.76502,0.39135,0.55954,0.49513,0.11693,6.601e-05,6.601e-05,6.601e-05
105,9064.4,0.56292,0.49909,0.09381,0.7949,0.74191,0.76777,0.38623,0.56212,0.49835,0.1143,6.568e-05,6.568e-05,6.568e-05
106,9150.32,0.57896,0.47981,0.10475,0.77735,0.75067,0.77248,0.39374,0.56759,0.48465,0.11673,6.535e-05,6.535e-05,6.535e-05
107,9236.26,0.56311,0.48,0.0928,0.79586,0.72642,0.77491,0.39152,0.56857,0.48324,0.11887,6.502e-05,6.502e-05,6.502e-05
108,9321.76,0.55405,0.47286,0.09815,0.79286,0.73652,0.77907,0.38749,0.56635,0.4834,0.11827,6.469e-05,6.469e-05,6.469e-05
109,9407.5,0.56049,0.48298,0.09153,0.78184,0.74933,0.77731,0.39677,0.55546,0.48973,0.11387,6.436e-05,6.436e-05,6.436e-05
110,9494.43,0.57511,0.46548,0.09982,0.79478,0.73333,0.77842,0.3976,0.56014,0.47289,0.11739,6.403e-05,6.403e-05,6.403e-05
111,9581.31,0.56042,0.47343,0.09607,0.79055,0.73181,0.7812,0.40335,0.55348,0.48512,0.11286,6.37e-05,6.37e-05,6.37e-05
112,9667.6,0.5921,0.45672,0.10789,0.78584,0.7319,0.78228,0.40037,0.56153,0.48086,0.11653,6.337e-05,6.337e-05,6.337e-05
113,9753.61,0.57658,0.47981,0.09942,0.76931,0.77079,0.77687,0.40136,0.56582,0.46508,0.11737,6.304e-05,6.304e-05,6.304e-05
114,9839.67,0.58449,0.46574,0.10157,0.76516,0.75539,0.77587,0.39856,0.56812,0.4756,0.11806,6.271e-05,6.271e-05,6.271e-05
115,9925.27,0.57508,0.46603,0.1005,0.79204,0.73181,0.77873,0.39683,0.57116,0.48167,0.12005,6.238e-05,6.238e-05,6.238e-05
116,10011.5,0.55982,0.4685,0.09607,0.78162,0.73854,0.77787,0.40329,0.56577,0.4858,0.1183,6.205e-05,6.205e-05,6.205e-05
117,10097.5,0.5692,0.4794,0.09623,0.76612,0.75712,0.78509,0.40414,0.56459,0.48304,0.11654,6.172e-05,6.172e-05,6.172e-05
118,10184.2,0.57568,0.47129,0.0977,0.77543,0.75,0.77938,0.40598,0.57349,0.47239,0.12167,6.139e-05,6.139e-05,6.139e-05
119,10271.5,0.54754,0.4809,0.09361,0.78638,0.73046,0.7741,0.40066,0.56556,0.46935,0.11558,6.106e-05,6.106e-05,6.106e-05
120,10357.6,0.57281,0.48427,0.09569,0.77022,0.74191,0.7692,0.39515,0.57117,0.47385,0.11755,6.073e-05,6.073e-05,6.073e-05
121,10443.9,0.56778,0.48063,0.1009,0.80606,0.73379,0.78714,0.40641,0.55989,0.48103,0.11736,6.04e-05,6.04e-05,6.04e-05
122,10530.3,0.55262,0.46357,0.10093,0.80223,0.74326,0.78652,0.40386,0.56516,0.47235,0.12095,6.007e-05,6.007e-05,6.007e-05
123,10616.4,0.5575,0.47922,0.0911,0.79291,0.76415,0.78891,0.40331,0.56674,0.47981,0.11723,5.974e-05,5.974e-05,5.974e-05
124,10702.3,0.55947,0.47169,0.09253,0.80752,0.74326,0.79066,0.40174,0.56559,0.47927,0.11612,5.941e-05,5.941e-05,5.941e-05
125,10788.3,0.51966,0.46926,0.08756,0.78704,0.74394,0.78348,0.39934,0.56265,0.48983,0.11606,5.908e-05,5.908e-05,5.908e-05
126,10874.5,0.55381,0.46178,0.09402,0.77738,0.77885,0.79068,0.40312,0.56117,0.49257,0.11356,5.875e-05,5.875e-05,5.875e-05
127,10960.4,0.54451,0.468,0.08912,0.80263,0.73787,0.7852,0.39811,0.56826,0.48349,0.11785,5.842e-05,5.842e-05,5.842e-05
128,11046.2,0.55536,0.47525,0.09982,0.80295,0.74191,0.78653,0.40545,0.56649,0.47686,0.11745,5.809e-05,5.809e-05,5.809e-05
129,11132.2,0.56778,0.45271,0.10424,0.8101,0.72574,0.79325,0.4058,0.5592,0.48138,0.11514,5.776e-05,5.776e-05,5.776e-05
130,11218.1,0.5475,0.4565,0.09268,0.78117,0.76954,0.79552,0.41008,0.56337,0.47716,0.11538,5.743e-05,5.743e-05,5.743e-05
131,11305.2,0.56329,0.46381,0.09803,0.7795,0.76706,0.79544,0.40831,0.5643,0.47051,0.11431,5.71e-05,5.71e-05,5.71e-05
132,11391.3,0.55833,0.47021,0.09616,0.77023,0.76123,0.78072,0.39931,0.57228,0.48524,0.12101,5.677e-05,5.677e-05,5.677e-05
133,11476.9,0.53839,0.48125,0.0927,0.79998,0.74394,0.79054,0.3968,0.56937,0.48035,0.11567,5.644e-05,5.644e-05,5.644e-05
134,11563,0.53681,0.47651,0.08813,0.79497,0.75202,0.79508,0.40279,0.56573,0.48485,0.11915,5.611e-05,5.611e-05,5.611e-05
135,11648.7,0.53572,0.45708,0.08866,0.80102,0.76497,0.79745,0.40728,0.5653,0.48966,0.11869,5.578e-05,5.578e-05,5.578e-05
136,11734.5,0.57319,0.4779,0.09255,0.79504,0.73973,0.79517,0.40985,0.55321,0.49377,0.1139,5.545e-05,5.545e-05,5.545e-05
137,11820.7,0.57697,0.47275,0.10172,0.79749,0.7345,0.78957,0.40423,0.55826,0.49041,0.11716,5.512e-05,5.512e-05,5.512e-05
138,11907.1,0.53559,0.47066,0.09185,0.81568,0.73058,0.79443,0.40416,0.55561,0.47722,0.11268,5.479e-05,5.479e-05,5.479e-05
139,11993,0.54594,0.45785,0.08841,0.80246,0.74729,0.79768,0.40992,0.55068,0.48243,0.11019,5.446e-05,5.446e-05,5.446e-05
140,12078.6,0.54629,0.45025,0.08991,0.78742,0.7473,0.79683,0.40384,0.56785,0.48909,0.11333,5.413e-05,5.413e-05,5.413e-05
141,12164.5,0.5556,0.45271,0.09361,0.79735,0.75337,0.7976,0.40807,0.57008,0.48381,0.11575,5.38e-05,5.38e-05,5.38e-05
142,12251.8,0.54997,0.46056,0.10343,0.78037,0.7614,0.79431,0.40448,0.56419,0.47276,0.11384,5.347e-05,5.347e-05,5.347e-05
143,12338.2,0.51553,0.45778,0.09276,0.78924,0.77156,0.79492,0.40356,0.5675,0.48675,0.11408,5.314e-05,5.314e-05,5.314e-05
144,12424.7,0.56371,0.46718,0.09964,0.78567,0.77067,0.79584,0.40717,0.55616,0.47629,0.11165,5.281e-05,5.281e-05,5.281e-05
145,12510.7,0.54618,0.45391,0.09174,0.79733,0.7655,0.79073,0.39989,0.56907,0.47366,0.11569,5.248e-05,5.248e-05,5.248e-05
146,12596.6,0.50566,0.46072,0.08582,0.80362,0.74057,0.78892,0.40231,0.56118,0.48656,0.11348,5.215e-05,5.215e-05,5.215e-05
147,12682.5,0.52613,0.4554,0.08603,0.80196,0.75337,0.79743,0.40671,0.55561,0.48411,0.11282,5.182e-05,5.182e-05,5.182e-05
148,12768.8,0.55376,0.45418,0.09421,0.80203,0.74802,0.79225,0.40297,0.56411,0.48888,0.11551,5.149e-05,5.149e-05,5.149e-05
149,12854.9,0.54126,0.45895,0.09495,0.77873,0.76011,0.79123,0.40382,0.55675,0.49165,0.11346,5.116e-05,5.116e-05,5.116e-05
150,12941.3,0.5372,0.45335,0.08604,0.80762,0.73549,0.79497,0.40773,0.55873,0.48941,0.11341,5.083e-05,5.083e-05,5.083e-05
151,13027.6,0.52859,0.45981,0.08525,0.76741,0.77156,0.79188,0.4085,0.5521,0.47698,0.10991,5.05e-05,5.05e-05,5.05e-05
152,13113.5,0.52461,0.45197,0.08818,0.80489,0.75202,0.79669,0.40803,0.55663,0.49233,0.11307,5.017e-05,5.017e-05,5.017e-05
153,13199.7,0.545,0.43576,0.09786,0.8127,0.74265,0.79419,0.40576,0.55267,0.48362,0.11098,4.984e-05,4.984e-05,4.984e-05
154,13285.8,0.53062,0.4626,0.09114,0.79484,0.74403,0.79388,0.40589,0.55417,0.48979,0.10976,4.951e-05,4.951e-05,4.951e-05
155,13371.8,0.50877,0.45902,0.08928,0.81205,0.7366,0.78731,0.40519,0.56044,0.50174,0.11103,4.918e-05,4.918e-05,4.918e-05
156,13458.3,0.52687,0.45457,0.08745,0.80581,0.76146,0.79693,0.40883,0.54979,0.48623,0.10947,4.885e-05,4.885e-05,4.885e-05
157,13544,0.53049,0.44777,0.09022,0.80745,0.76146,0.80214,0.40309,0.56222,0.48474,0.11145,4.852e-05,4.852e-05,4.852e-05
158,13630.3,0.5539,0.45103,0.09157,0.80586,0.75803,0.80226,0.40497,0.55885,0.48003,0.11064,4.819e-05,4.819e-05,4.819e-05
159,13716.9,0.51675,0.44351,0.08683,0.81038,0.75454,0.80491,0.40719,0.55862,0.48592,0.11274,4.786e-05,4.786e-05,4.786e-05
160,13802.6,0.52509,0.45422,0.08932,0.80048,0.75429,0.80086,0.40794,0.56045,0.49253,0.11411,4.753e-05,4.753e-05,4.753e-05
161,13889.1,0.51539,0.44832,0.0872,0.81637,0.74326,0.79568,0.40576,0.55926,0.49021,0.11199,4.72e-05,4.72e-05,4.72e-05
162,13975.3,0.53292,0.44344,0.09018,0.80726,0.75404,0.79767,0.40277,0.56529,0.49292,0.11336,4.687e-05,4.687e-05,4.687e-05
163,14061.9,0.52373,0.44236,0.08767,0.7955,0.76805,0.80301,0.40833,0.56628,0.48521,0.11318,4.654e-05,4.654e-05,4.654e-05
164,14147.6,0.53867,0.46637,0.09302,0.81746,0.74191,0.80168,0.40908,0.56408,0.4902,0.11249,4.621e-05,4.621e-05,4.621e-05
165,14233.6,0.53065,0.44495,0.09397,0.80442,0.75202,0.79473,0.39978,0.57363,0.5202,0.11428,4.588e-05,4.588e-05,4.588e-05
166,14319.9,0.54819,0.46611,0.09198,0.78825,0.76213,0.80259,0.40106,0.57154,0.48818,0.11303,4.555e-05,4.555e-05,4.555e-05
167,14405.9,0.51343,0.44977,0.0856,0.8011,0.76538,0.80071,0.40115,0.5773,0.47027,0.11567,4.522e-05,4.522e-05,4.522e-05
168,14491.7,0.5115,0.45169,0.08516,0.79747,0.75,0.79621,0.40626,0.57044,0.47436,0.11587,4.489e-05,4.489e-05,4.489e-05
169,14578.5,0.53818,0.44998,0.09199,0.81357,0.77634,0.8095,0.41518,0.56125,0.47662,0.11209,4.456e-05,4.456e-05,4.456e-05
170,14665.8,0.51766,0.45085,0.08681,0.79647,0.76213,0.80103,0.4063,0.56463,0.47356,0.11056,4.423e-05,4.423e-05,4.423e-05
171,14752.1,0.52847,0.45584,0.08966,0.8042,0.74461,0.79744,0.40368,0.5664,0.48148,0.11201,4.39e-05,4.39e-05,4.39e-05
172,14838.2,0.51517,0.43784,0.09267,0.80768,0.76954,0.81045,0.41723,0.55793,0.46963,0.11167,4.357e-05,4.357e-05,4.357e-05
173,14925.1,0.5108,0.4476,0.0862,0.80038,0.75876,0.80186,0.4135,0.5593,0.48538,0.11426,4.324e-05,4.324e-05,4.324e-05
174,15011.2,0.52739,0.4439,0.0856,0.81177,0.74798,0.80336,0.41006,0.56699,0.46935,0.11378,4.291e-05,4.291e-05,4.291e-05
175,15097.3,0.50814,0.44344,0.08299,0.7984,0.7628,0.80097,0.40673,0.56559,0.47751,0.11278,4.258e-05,4.258e-05,4.258e-05
176,15183,0.49933,0.42481,0.08568,0.80555,0.75876,0.80591,0.40822,0.56314,0.47147,0.10983,4.225e-05,4.225e-05,4.225e-05
177,15269.1,0.50398,0.42681,0.08446,0.80637,0.76954,0.80526,0.41079,0.57559,0.47026,0.11535,4.192e-05,4.192e-05,4.192e-05
178,15355,0.51003,0.43836,0.08403,0.79569,0.77426,0.80348,0.4091,0.56706,0.47533,0.11266,4.159e-05,4.159e-05,4.159e-05
179,15440.7,0.49252,0.43755,0.0815,0.79863,0.76166,0.79988,0.40287,0.57275,0.48263,0.11359,4.126e-05,4.126e-05,4.126e-05
180,15526.9,0.5131,0.44247,0.08091,0.80851,0.75964,0.80252,0.41026,0.56465,0.47805,0.11185,4.093e-05,4.093e-05,4.093e-05
181,15612.9,0.51576,0.45009,0.08391,0.80417,0.75472,0.80258,0.40964,0.57375,0.4846,0.11339,4.06e-05,4.06e-05,4.06e-05
182,15699.1,0.49213,0.43555,0.08197,0.8048,0.75293,0.79853,0.40634,0.57253,0.48742,0.11302,4.027e-05,4.027e-05,4.027e-05
183,15785.5,0.54661,0.46038,0.088,0.80384,0.77695,0.80759,0.41454,0.55969,0.47923,0.11071,3.994e-05,3.994e-05,3.994e-05
184,15871.8,0.52114,0.45442,0.08327,0.78745,0.781,0.80553,0.41567,0.56095,0.47446,0.11023,3.961e-05,3.961e-05,3.961e-05
185,15957.7,0.50617,0.4422,0.08181,0.79285,0.77374,0.80682,0.41293,0.567,0.47431,0.11092,3.928e-05,3.928e-05,3.928e-05
186,16044.4,0.51969,0.45215,0.08879,0.80819,0.77512,0.81464,0.41221,0.5551,0.47397,0.10751,3.895e-05,3.895e-05,3.895e-05
187,16130.7,0.50207,0.44675,0.08154,0.81016,0.76213,0.80834,0.41776,0.55373,0.46867,0.1084,3.862e-05,3.862e-05,3.862e-05
188,16217.9,0.48902,0.44378,0.085,0.83182,0.76146,0.81201,0.41593,0.56646,0.47574,0.11214,3.829e-05,3.829e-05,3.829e-05
189,16303.9,0.49579,0.43931,0.08165,0.78659,0.77988,0.80725,0.41004,0.56534,0.48108,0.11246,3.796e-05,3.796e-05,3.796e-05
190,16389.7,0.51025,0.42737,0.08055,0.8131,0.771,0.80623,0.40967,0.56811,0.47783,0.11564,3.763e-05,3.763e-05,3.763e-05
191,16475.8,0.53879,0.43477,0.09176,0.79462,0.78476,0.80153,0.40812,0.57188,0.47265,0.11598,3.73e-05,3.73e-05,3.73e-05
192,16561.8,0.50381,0.44245,0.08526,0.81096,0.76318,0.80275,0.40815,0.565,0.47695,0.11294,3.697e-05,3.697e-05,3.697e-05
193,16647.6,0.51568,0.43517,0.09093,0.79839,0.76855,0.80165,0.40492,0.56212,0.4862,0.11192,3.664e-05,3.664e-05,3.664e-05
194,16733,0.48873,0.44635,0.08515,0.81052,0.75404,0.80287,0.40695,0.5661,0.49329,0.11289,3.631e-05,3.631e-05,3.631e-05
195,16819,0.5123,0.43311,0.0864,0.80405,0.76594,0.79721,0.40714,0.56767,0.47709,0.11591,3.598e-05,3.598e-05,3.598e-05
196,16905,0.51724,0.42348,0.08299,0.8012,0.77156,0.80576,0.40763,0.56251,0.48336,0.11342,3.565e-05,3.565e-05,3.565e-05
197,16991.4,0.52157,0.44506,0.08597,0.8057,0.76415,0.80591,0.40702,0.56514,0.49309,0.11253,3.532e-05,3.532e-05,3.532e-05
198,17077.2,0.50778,0.4388,0.08118,0.81949,0.76146,0.8061,0.40829,0.57238,0.48586,0.11305,3.499e-05,3.499e-05,3.499e-05
199,17162.9,0.48761,0.42433,0.08525,0.82899,0.75337,0.81003,0.41022,0.56372,0.48265,0.11214,3.466e-05,3.466e-05,3.466e-05
200,17248.7,0.49593,0.42986,0.0815,0.80662,0.76685,0.80696,0.4042,0.56786,0.48114,0.11136,3.433e-05,3.433e-05,3.433e-05
201,17334.9,0.48989,0.43814,0.08098,0.81154,0.75809,0.80944,0.40729,0.56309,0.47616,0.11243,3.4e-05,3.4e-05,3.4e-05
202,17420.4,0.4692,0.4302,0.07403,0.81892,0.74662,0.80036,0.4045,0.5682,0.47666,0.11725,3.367e-05,3.367e-05,3.367e-05
203,17506.3,0.50638,0.43681,0.09127,0.79691,0.76213,0.80071,0.4074,0.56851,0.47775,0.11341,3.334e-05,3.334e-05,3.334e-05
204,17592.3,0.48841,0.43798,0.07595,0.80644,0.75674,0.80099,0.40375,0.57017,0.48653,0.11299,3.301e-05,3.301e-05,3.301e-05
205,17678.4,0.50091,0.44151,0.08653,0.80809,0.76146,0.80222,0.40751,0.55857,0.4903,0.11265,3.268e-05,3.268e-05,3.268e-05
206,17764.4,0.49561,0.44809,0.08374,0.809,0.75067,0.79972,0.40485,0.56903,0.48109,0.11525,3.235e-05,3.235e-05,3.235e-05
207,17850.3,0.49173,0.42963,0.08004,0.80214,0.77586,0.8044,0.4086,0.56872,0.47797,0.11364,3.202e-05,3.202e-05,3.202e-05
208,17936.6,0.49581,0.43217,0.08025,0.80546,0.77224,0.80769,0.40916,0.56389,0.49108,0.112,3.169e-05,3.169e-05,3.169e-05
209,18022.4,0.48052,0.42955,0.07449,0.80019,0.77721,0.80779,0.40932,0.56955,0.48798,0.11502,3.136e-05,3.136e-05,3.136e-05
210,18108.3,0.48564,0.44619,0.07718,0.80432,0.77291,0.80681,0.40624,0.57256,0.48769,0.11543,3.103e-05,3.103e-05,3.103e-05
211,18194,0.48957,0.42792,0.08625,0.79707,0.78079,0.80197,0.40401,0.58433,0.46893,0.12301,3.07e-05,3.07e-05,3.07e-05
212,18279.9,0.48459,0.4444,0.07931,0.79038,0.77751,0.79783,0.40038,0.58572,0.48961,0.12226,3.037e-05,3.037e-05,3.037e-05
213,18366,0.48371,0.43727,0.08321,0.79374,0.78052,0.80072,0.4067,0.57604,0.4829,0.1157,3.004e-05,3.004e-05,3.004e-05
214,18452.3,0.48325,0.43344,0.08274,0.78665,0.77156,0.80003,0.40467,0.57358,0.48007,0.11555,2.971e-05,2.971e-05,2.971e-05
215,18538.1,0.48041,0.42827,0.08578,0.79123,0.78404,0.80533,0.4045,0.57256,0.4962,0.11389,2.938e-05,2.938e-05,2.938e-05
216,18623.9,0.48501,0.43543,0.08235,0.77773,0.79447,0.80265,0.40089,0.57314,0.49941,0.11341,2.905e-05,2.905e-05,2.905e-05
217,18709.9,0.47951,0.44482,0.07725,0.8038,0.7783,0.80835,0.40807,0.56359,0.48996,0.112,2.872e-05,2.872e-05,2.872e-05
218,18795.9,0.48701,0.43184,0.07726,0.80587,0.76887,0.80049,0.4006,0.57353,0.47888,0.11567,2.839e-05,2.839e-05,2.839e-05
219,18882,0.49473,0.43369,0.08395,0.78589,0.78032,0.79591,0.40387,0.56962,0.48455,0.1151,2.806e-05,2.806e-05,2.806e-05
220,18968.7,0.49841,0.43196,0.08543,0.78514,0.781,0.79961,0.40187,0.58279,0.48564,0.11782,2.773e-05,2.773e-05,2.773e-05
221,19054.4,0.48963,0.42867,0.07745,0.80002,0.76831,0.80523,0.40208,0.57476,0.48158,0.11476,2.74e-05,2.74e-05,2.74e-05
222,19140.5,0.48155,0.42959,0.07863,0.80348,0.77561,0.80605,0.40528,0.57406,0.48406,0.11492,2.707e-05,2.707e-05,2.707e-05
223,19226.3,0.4659,0.42455,0.07639,0.8234,0.76011,0.80936,0.409,0.57235,0.47637,0.11408,2.674e-05,2.674e-05,2.674e-05
224,19312.3,0.49328,0.43574,0.08639,0.81526,0.76348,0.81053,0.4135,0.56814,0.47871,0.11388,2.641e-05,2.641e-05,2.641e-05
225,19397.9,0.48077,0.42158,0.07894,0.80614,0.76497,0.80869,0.40783,0.56881,0.47716,0.11508,2.608e-05,2.608e-05,2.608e-05
226,19483.9,0.48965,0.42583,0.07975,0.8169,0.76063,0.80563,0.40756,0.5724,0.48324,0.1146,2.575e-05,2.575e-05,2.575e-05
227,19569.6,0.4727,0.42077,0.07601,0.80593,0.77426,0.80738,0.40703,0.57141,0.48585,0.11555,2.542e-05,2.542e-05,2.542e-05
228,19655.9,0.49175,0.43573,0.07552,0.79901,0.76612,0.8046,0.40396,0.56929,0.48015,0.11315,2.509e-05,2.509e-05,2.509e-05
229,19742.1,0.48522,0.42673,0.07604,0.8089,0.76441,0.80711,0.40645,0.57462,0.4744,0.11665,2.476e-05,2.476e-05,2.476e-05
230,19828.5,0.4754,0.42219,0.08309,0.81054,0.77358,0.80616,0.4026,0.57536,0.48036,0.11497,2.443e-05,2.443e-05,2.443e-05
231,19914.4,0.48492,0.41691,0.07792,0.81822,0.76433,0.8065,0.40394,0.56688,0.47818,0.11206,2.41e-05,2.41e-05,2.41e-05
232,20000.6,0.48616,0.41858,0.07707,0.7855,0.78841,0.80588,0.40549,0.56755,0.47893,0.11278,2.377e-05,2.377e-05,2.377e-05
233,20086.7,0.49456,0.42793,0.07711,0.79716,0.78122,0.79927,0.40039,0.57978,0.4716,0.11532,2.344e-05,2.344e-05,2.344e-05
234,20173,0.49685,0.43103,0.0836,0.80382,0.78167,0.80133,0.40539,0.57206,0.47325,0.11548,2.311e-05,2.311e-05,2.311e-05
235,20259.1,0.4693,0.4209,0.07282,0.79849,0.79037,0.80575,0.40642,0.56797,0.47509,0.11289,2.278e-05,2.278e-05,2.278e-05
236,20345.2,0.47319,0.42933,0.08089,0.80017,0.78792,0.80002,0.40284,0.56752,0.47535,0.11388,2.245e-05,2.245e-05,2.245e-05
237,20431.6,0.48745,0.42547,0.07748,0.80167,0.78173,0.80202,0.40656,0.57271,0.47742,0.11447,2.212e-05,2.212e-05,2.212e-05
238,20517.7,0.47722,0.41673,0.08161,0.81833,0.77695,0.81237,0.40589,0.56723,0.47481,0.1114,2.179e-05,2.179e-05,2.179e-05
239,20603.4,0.46152,0.43215,0.07764,0.81026,0.78437,0.81277,0.40621,0.57193,0.48142,0.1139,2.146e-05,2.146e-05,2.146e-05
240,20689.6,0.47997,0.43442,0.0769,0.82248,0.77965,0.80697,0.40239,0.57062,0.47845,0.1123,2.113e-05,2.113e-05,2.113e-05
241,20775.6,0.45553,0.42376,0.0824,0.81242,0.7783,0.80916,0.40805,0.57259,0.47822,0.11342,2.08e-05,2.08e-05,2.08e-05
242,20861.8,0.46586,0.41954,0.0751,0.81298,0.78302,0.8068,0.40399,0.57899,0.47613,0.12031,2.047e-05,2.047e-05,2.047e-05
243,20947.8,0.46524,0.42162,0.07447,0.80865,0.78774,0.80607,0.40512,0.57329,0.47008,0.11488,2.014e-05,2.014e-05,2.014e-05
244,21034.1,0.4807,0.42564,0.0766,0.80422,0.78334,0.79996,0.4012,0.57831,0.47451,0.11509,1.981e-05,1.981e-05,1.981e-05
245,21120.2,0.48892,0.41691,0.07799,0.80787,0.78202,0.80356,0.40258,0.58403,0.4765,0.11699,1.948e-05,1.948e-05,1.948e-05
246,21207.1,0.46845,0.42171,0.07632,0.80783,0.78468,0.80646,0.40232,0.57166,0.48417,0.11461,1.915e-05,1.915e-05,1.915e-05
247,21294.2,0.46552,0.42586,0.07919,0.81276,0.7722,0.80668,0.40201,0.57213,0.48392,0.11398,1.882e-05,1.882e-05,1.882e-05
248,21380.7,0.46252,0.42138,0.0751,0.81157,0.7894,0.81348,0.4035,0.57119,0.4854,0.11273,1.849e-05,1.849e-05,1.849e-05
249,21466.9,0.47763,0.41972,0.07859,0.8128,0.77628,0.80449,0.39812,0.57634,0.49372,0.11479,1.816e-05,1.816e-05,1.816e-05
250,21552.9,0.46705,0.42026,0.08184,0.79516,0.7938,0.80984,0.40635,0.57027,0.49199,0.11461,1.783e-05,1.783e-05,1.783e-05
251,21638.7,0.481,0.4132,0.07999,0.8107,0.78167,0.80896,0.40604,0.56876,0.49379,0.11371,1.75e-05,1.75e-05,1.75e-05
252,21724.3,0.47388,0.41639,0.07816,0.81021,0.78302,0.81336,0.4044,0.57186,0.49513,0.11348,1.717e-05,1.717e-05,1.717e-05
253,21809.8,0.44585,0.40657,0.07204,0.80259,0.7783,0.80287,0.4001,0.57406,0.49914,0.11404,1.684e-05,1.684e-05,1.684e-05
254,21896.2,0.49744,0.42663,0.07652,0.79561,0.78841,0.80138,0.40054,0.57313,0.50017,0.11378,1.651e-05,1.651e-05,1.651e-05
255,21982.2,0.48932,0.4264,0.08675,0.80683,0.77291,0.80462,0.40322,0.56961,0.4906,0.1141,1.618e-05,1.618e-05,1.618e-05
256,22068,0.44437,0.41504,0.07279,0.82094,0.76482,0.80317,0.40432,0.5756,0.49147,0.11545,1.585e-05,1.585e-05,1.585e-05
257,22153.6,0.45201,0.41898,0.07564,0.82636,0.76348,0.81368,0.40316,0.57633,0.48556,0.11466,1.552e-05,1.552e-05,1.552e-05
258,22239.8,0.45891,0.42849,0.0789,0.81239,0.78369,0.81669,0.40589,0.56823,0.48388,0.11265,1.519e-05,1.519e-05,1.519e-05
259,22325.8,0.47167,0.42963,0.07495,0.80999,0.77022,0.80409,0.40037,0.56973,0.4847,0.11292,1.486e-05,1.486e-05,1.486e-05
260,22412,0.46025,0.41449,0.07638,0.80956,0.78203,0.81492,0.40558,0.5695,0.48543,0.11267,1.453e-05,1.453e-05,1.453e-05
261,22498.3,0.47111,0.41646,0.07878,0.79663,0.78661,0.81037,0.40444,0.57321,0.48553,0.11404,1.42e-05,1.42e-05,1.42e-05
262,22584.3,0.46226,0.40788,0.07575,0.81158,0.78365,0.80987,0.40356,0.57247,0.48209,0.11443,1.387e-05,1.387e-05,1.387e-05
263,22670.2,0.45808,0.41321,0.07653,0.81057,0.78141,0.80828,0.40024,0.57907,0.48116,0.1171,1.354e-05,1.354e-05,1.354e-05
264,22756.6,0.48534,0.41702,0.07998,0.81239,0.77089,0.80599,0.39954,0.57683,0.48555,0.1155,1.321e-05,1.321e-05,1.321e-05
265,22843,0.46435,0.40909,0.07081,0.81351,0.7731,0.80402,0.39938,0.58302,0.48202,0.11779,1.288e-05,1.288e-05,1.288e-05
266,22929.1,0.46869,0.41506,0.07996,0.81178,0.77898,0.806,0.40001,0.5806,0.4859,0.11611,1.255e-05,1.255e-05,1.255e-05
267,23014.5,0.44191,0.40433,0.07625,0.81955,0.7783,0.80641,0.40153,0.57356,0.49609,0.11552,1.222e-05,1.222e-05,1.222e-05
268,23100.4,0.4592,0.41632,0.07963,0.81295,0.781,0.80781,0.40048,0.57232,0.49397,0.1145,1.189e-05,1.189e-05,1.189e-05
269,23187.2,0.45868,0.40636,0.07587,0.81432,0.77493,0.80633,0.40091,0.57,0.49703,0.11353,1.156e-05,1.156e-05,1.156e-05
270,23272.7,0.46192,0.4151,0.0761,0.80554,0.776,0.80526,0.39944,0.57469,0.49731,0.1145,1.123e-05,1.123e-05,1.123e-05
271,23358.6,0.46039,0.42127,0.07211,0.80894,0.7783,0.80591,0.39842,0.57478,0.48813,0.11604,1.09e-05,1.09e-05,1.09e-05
272,23444.7,0.45369,0.40859,0.07368,0.80732,0.77426,0.80554,0.39906,0.57271,0.48784,0.11496,1.057e-05,1.057e-05,1.057e-05
273,23530.9,0.47957,0.41579,0.07277,0.80335,0.77905,0.80295,0.39954,0.57659,0.48162,0.11681,1.024e-05,1.024e-05,1.024e-05
274,23616.7,0.46341,0.42056,0.07199,0.80752,0.78311,0.8071,0.39907,0.5758,0.48006,0.11701,9.91e-06,9.91e-06,9.91e-06
275,23703,0.47327,0.42267,0.07255,0.81119,0.781,0.80589,0.39861,0.57196,0.48936,0.11627,9.58e-06,9.58e-06,9.58e-06
276,23789.2,0.473,0.41422,0.07589,0.8068,0.77561,0.80444,0.39948,0.57731,0.48048,0.11683,9.25e-06,9.25e-06,9.25e-06
277,23875.2,0.46311,0.4165,0.07118,0.8176,0.77327,0.80931,0.40202,0.57775,0.48314,0.11632,8.92e-06,8.92e-06,8.92e-06
278,23961.9,0.46336,0.4132,0.07441,0.81033,0.77561,0.80666,0.40222,0.57858,0.48885,0.11597,8.59e-06,8.59e-06,8.59e-06
279,24048,0.46034,0.41617,0.06741,0.80909,0.77291,0.80593,0.40134,0.57622,0.4898,0.11614,8.26e-06,8.26e-06,8.26e-06
280,24133.7,0.46991,0.4149,0.07224,0.81202,0.77224,0.80493,0.39983,0.5769,0.48301,0.11615,7.93e-06,7.93e-06,7.93e-06
281,24219.7,0.46898,0.4242,0.07618,0.81823,0.7644,0.80108,0.4001,0.57538,0.48181,0.11554,7.6e-06,7.6e-06,7.6e-06
282,24306.1,0.46099,0.42141,0.07501,0.82275,0.75693,0.80063,0.40293,0.57205,0.48421,0.1149,7.27e-06,7.27e-06,7.27e-06
283,24392,0.46041,0.40978,0.06884,0.82849,0.75606,0.80608,0.40351,0.57607,0.48111,0.11577,6.94e-06,6.94e-06,6.94e-06
284,24478.5,0.47193,0.40512,0.07788,0.81427,0.75809,0.8006,0.40178,0.57323,0.48487,0.11663,6.61e-06,6.61e-06,6.61e-06
285,24564.7,0.47485,0.42066,0.07244,0.80517,0.77291,0.80315,0.40075,0.57607,0.48072,0.11683,6.28e-06,6.28e-06,6.28e-06
286,24650.6,0.4512,0.42352,0.07187,0.80358,0.7783,0.80386,0.39848,0.5791,0.4786,0.11757,5.95e-06,5.95e-06,5.95e-06
287,24736.8,0.46634,0.41781,0.07614,0.80605,0.78135,0.80618,0.40141,0.57146,0.48598,0.11486,5.62e-06,5.62e-06,5.62e-06
